0,0,0,0,0,0,0,0,0,0,0,0,-8,-5,8,-292,-383,-28,-223,354,-351,343,-12,-179,-1115,1893,-725,-2,1,-52,82,-133,-36,-517,1033,-370,9,-6,-4,-98,-291,1433,-351,-162,186,-51,-712,949,-198,-40,52
"ТВО","№ ВД","1.К-сть одержаних бюлетенів","2.К-сть виборців, внесених до списку","3.К-сть виборців, внесених до витягу для голос. за місцем перебув.","4.К-сть невикор. бюлетенів","5.К-сть виборців, які отримали бюлетені у приміщ.","6.К-сть виборців, які отримали бюлетені за місцем перебув.","7.Загальна к-сть виборців, які отримали бюлетені","8.К-сть бюлетенів, що не підлягають врахуванню","9.К-сть виборців, які взяли участь у голосуванні","10.К-сть бюлетенів, визнаних недійсними","Балашов Геннадій","Безсмертний Роман","Богомолець Ольга","Богословська Інна","Бойко Юрій","Бондар Віктор","Ващенко Олександр","Вілкул Олександр","Габер Микола","Гриценко Анатолій","Данилюк Олександр","Дерев’янко Юрій","Журавльов Василь","Зеленський Володимир","Каплін Сергій","Кармазін Юрій","Кива Ілля","Корнацький Аркадій","Кошулинський Руслан","Кривенко Віктор","Купрій Віталій","Литвиненко Юлія","Ляшко Олег","Мороз Олександр","Наливайченко Валентин","Насіров Роман","Новак Андрій","Носенко Сергій","Петров Володимир","Порошенко Петро","Ригованов Руслан","Скоцик Віталій","Смешко Ігор","Соловйов Олександр","Тарута Сергій","Тимошенко Юлія","Тимошенко Юрій","Шевченко Ігор","Шевченко Олександр","Дата та час протоколу"
14,051079,591,590,13,210,370,11,381,1,381,2,0,1,2,0,1,0,0,8,0,38,0,0,0,74,0,1,0,0,0,0,0,0,47,0,2,0,0,0,1,93,1,0,20,0,0,83,3,1,3,2019-04-01T12:00:00
14,051079,591,590,13,209,371,11,382,0,382,2,0,1,2,0,1,0,0,8,0,38,0,0,0,74,1,1,0,0,0,0,0,0,47,0,2,0,0,0,1,93,1,0,20,0,0,83,3,1,3,"01.04.2019 01:45"
15,050725,357,360,23,134,204,19,223,0,223,1,0,0,1,0,9,0,0,7,0,8,0,0,1,46,1,0,0,2,0,0,0,0,36,0,1,0,0,0,0,54,0,1,19,0,0,32,2,1,1,2019-04-01T00:10:00
15,050725,357,360,23,134,204,19,223,0,223,1,0,0,1,0,9,0,0,7,0,8,0,0,1,46,1,0,0,0,2,0,0,0,36,0,1,0,0,0,0,54,0,1,19,0,0,32,2,1,1,"01.04.2019 00:10"
15,050737,69,68,3,21,45,3,48,0,48,1,0,0,0,0,8,0,0,10,0,0,0,0,0,3,0,0,0,0,0,0,0,0,0,7,1,0,0,0,0,0,10,0,0,0,0,1,7,0,0,2019-04-01T01:15:00
15,050737,69,68,3,21,45,3,48,0,48,1,0,0,0,0,8,0,0,10,0,0,0,0,0,3,0,0,0,0,0,0,0,0,7,1,0,0,0,0,0,10,0,0,0,0,1,7,0,0,0,"02.04.2019 01:15"
15,050763,543,535,19,170,354,19,373,0,373,5,0,0,1,0,21,0,0,17,0,19,0,0,0,54,0,1,0,9,0,0,0,0,67,0,0,0,0,0,1,67,0,0,33,0,1,71,2,0,4,2019-04-01T01:45:00
15,050763,543,535,19,170,354,19,373,0,373,5,0,0,1,0,21,0,0,17,0,19,0,0,0,54,0,1,0,0,9,0,0,0,67,0,0,0,0,0,1,67,0,0,33,0,1,71,2,0,4,"01.04.2019 01:45"
15,051292,48,48,3,28,19,1,20,0,20,1,0,0,0,0,0,0,0,0,0,0,0,0,0,4,0,0,0,0,0,0,0,0,3,0,0,0,0,0,0,7,0,0,0,0,0,5,0,0,0,2019-04-01T00:15:00
15,051292,48,48,3,28,19,1,20,0,20,1,0,0,0,0,0,0,0,0,0,0,0,0,0,3,0,0,0,0,0,0,0,0,4,0,0,0,0,0,0,7,0,0,0,0,0,5,0,0,0,"01.04.2019 00:10"
16,050696,216,214,19,89,115,12,127,0,127,0,0,0,0,0,15,0,0,2,0,2,0,0,0,28,0,1,0,0,0,0,0,0,19,0,0,0,0,0,0,11,0,0,6,0,0,42,1,0,0,2019-04-01T00:08:00
16,050696,216,214,19,89,115,12,127,0,127,0,0,0,0,0,15,0,0,2,0,2,0,0,0,28,0,0,1,0,0,0,0,0,19,0,0,0,0,0,0,11,0,0,6,0,0,42,1,0,0,"01.04.2019 00:08"
16,050699,237,235,24,104,116,17,133,0,133,1,0,0,0,0,9,0,10,0,3,0,0,0,14,0,1,1,0,0,0,0,0,0,26,0,0,0,0,0,0,35,2,0,4,0,0,25,0,0,2,2019-04-01T03:00:00
16,050699,237,235,24,104,116,17,133,0,133,1,0,0,0,0,9,0,0,10,0,3,0,0,0,14,0,1,1,0,0,0,0,0,26,0,0,0,0,0,0,35,2,0,4,0,0,25,0,0,2,"01.04.2019 03:00"
16,051330,198,196,19,54,126,18,144,0,144,0,0,0,0,0,14,0,1,7,0,18,0,0,0,18,0,1,0,2,0,0,0,0,20,0,0,0,1,0,0,33,0,0,6,0,0,20,1,0,2,2019-04-01T00:50:00
16,051330,198,196,19,54,126,18,144,0,144,0,0,0,0,0,14,0,1,7,0,18,0,0,0,18,0,1,0,0,2,0,0,0,20,0,0,0,1,0,0,33,0,0,6,0,0,20,1,0,2,"01.04.2019 00:50"
16,051417,357,354,30,137,193,27,220,0,220,3,1,0,1,9,0,0,7,0,10,0,0,0,0,55,0,0,0,0,1,0,0,0,24,0,0,0,0,0,0,47,0,1,9,0,0,45,4,0,3,2019-03-31T22:43:00
16,051417,357,354,30,137,193,27,220,0,220,3,1,0,0,1,9,0,0,7,0,10,0,0,0,55,0,0,0,0,1,0,0,0,24,0,0,0,0,0,0,47,0,1,9,0,0,45,4,0,3,"31.03.2019 22:43"
16,051418,438,426,32,206,202,30,232,0,232,1,1,0,0,12,0,0,5,0,7,0,0,0,0,70,0,1,0,0,0,0,0,3,58,0,0,0,0,0,0,37,0,0,1,0,1,30,2,1,2,2019-04-01T04:10:00
16,051418,438,426,32,206,202,30,232,0,232,1,0,1,0,0,12,0,0,5,0,7,0,0,0,70,0,1,0,0,0,0,0,3,58,0,0,0,0,0,0,37,0,0,1,0,1,30,2,1,2,"01.04.2019 04:10"
17,051624,2202,2192,39,697,1475,30,1505,0,1517,12,2,0,2,2,140,4,0,44,0,64,0,2,0,481,1,1,0,1,13,1,1,2,73,0,5,0,0,0,2,252,1,2,209,0,2,184,7,1,6,2019-04-01T02:13:00
17,051624,2202,2192,39,697,1475,30,1505,0,1505,12,2,0,2,2,140,4,0,44,0,64,0,2,0,469,1,1,0,1,13,1,1,2,73,0,5,0,0,0,2,252,1,2,209,0,2,184,7,1,6,"01.04.2019 03:25"
18,050356,414,415,38,135,247,32,279,0,279,1,0,0,0,0,21,0,0,6,1,24,0,0,0,30,0,0,0,0,3,0,2,26,0,0,0,0,0,0,0,43,0,1,7,1,0,102,10,1,0,2019-04-01T15:00:00
18,050356,414,415,38,135,247,32,279,0,279,1,0,0,0,0,21,0,0,6,1,24,0,0,0,30,0,0,0,0,3,0,0,2,26,0,0,0,0,0,0,43,0,1,7,1,0,102,10,1,0,"01.04.2019 15:00"
18,050933,69,66,0,26,43,0,43,0,43,1,0,0,0,0,0,0,0,4,0,0,0,0,0,6,0,1,0,0,0,0,0,0,7,0,0,0,0,0,0,9,0,0,1,0,0,0,13,0,1,2019-04-01T01:20:00
18,050933,69,66,0,26,43,0,43,0,43,1,0,0,0,0,0,0,0,4,0,0,0,0,0,6,0,1,0,0,0,0,0,0,7,0,0,0,0,0,0,9,0,0,1,0,0,13,0,0,1,"01.04.2019 01:10"
18,050978,99,100,20,22,66,11,77,1,77,1,0,0,0,1,1,0,0,3,0,2,0,0,0,11,0,0,0,0,0,0,0,1,11,0,0,0,0,0,0,17,2,1,0,21,3,0,2,0,0,2019-04-01T13:30:00
18,050978,99,100,12,22,66,11,77,0,77,1,0,0,0,1,1,0,0,3,0,2,0,0,0,11,0,0,0,0,0,0,0,1,11,0,0,0,0,0,0,17,0,0,2,1,0,21,3,0,2,"03.04.2019 21:19"
19,070195,147,146,8,43,96,8,104,0,104,0,0,1,0,0,2,0,0,0,0,7,0,0,0,19,0,0,0,0,2,0,3,17,0,0,0,0,0,0,0,14,0,0,1,0,0,32,4,0,2,2019-04-01T00:40:00
19,070195,147,146,8,43,96,8,104,0,104,0,0,1,0,0,2,0,0,0,0,7,0,0,0,19,0,0,0,0,2,0,0,3,17,0,0,0,0,0,0,14,0,0,1,0,0,32,4,0,2,"01.04.2019 00:40"
19,070202,585,579,22,223,340,22,362,0,362,4,0,0,2,0,9,0,0,2,0,46,0,0,76,0,0,0,0,0,8,0,0,0,21,0,0,0,0,0,0,51,0,0,15,0,0,114,6,0,8,2019-04-01T00:05:00
19,070202,585,579,22,223,340,22,362,0,362,4,0,0,2,0,9,0,0,2,0,46,0,0,0,76,0,0,0,0,8,0,0,0,21,0,0,0,0,0,0,51,0,0,15,0,0,114,6,0,8,"01.04.2019 00:05"
20,070107,162,161,16,48,98,16,114,0,114,0,0,0,0,0,11,0,0,0,0,7,0,0,0,17,0,0,0,0,1,0,0,1,22,0,0,0,0,0,0,0,28,0,0,0,0,21,3,0,3,2019-04-01T01:48:00
20,070107,162,161,16,48,98,16,114,0,114,0,0,0,0,0,11,0,0,0,0,7,0,0,0,17,0,0,0,0,1,0,0,1,22,0,0,0,0,0,0,28,0,0,0,0,0,21,3,0,3,"01.04.2019 00:00"
21,070430,159,158,14,42,105,12,117,0,117,0,0,0,0,0,6,0,0,7,0,7,0,0,0,24,0,0,0,0,2,0,0,0,0,15,0,0,0,0,0,26,0,0,2,0,0,24,2,0,2,2019-04-01T00:40:00
21,070430,159,158,14,42,105,12,117,0,117,0,0,0,0,0,6,0,0,7,0,7,0,0,0,24,0,0,0,0,2,0,0,0,15,0,0,0,0,0,0,26,0,0,2,0,0,24,2,0,2,"01.04.2019 00:40"
21,070875,234,233,9,69,157,8,165,0,164,1,0,0,1,0,2,0,0,1,0,9,0,0,0,39,0,0,0,0,0,0,0,1,36,0,0,0,0,0,0,18,0,2,12,0,1,35,3,0,3,2019-04-01T18:50:00
21,070875,234,233,9,69,157,8,165,0,165,1,0,0,1,0,2,0,0,1,0,9,0,0,0,39,0,1,0,0,0,0,0,1,36,0,0,0,0,0,0,18,0,2,12,0,1,35,3,0,3,"04.04.2019 18:40"
21,070963,51,47,1,19,32,0,32,0,32,1,0,0,0,0,1,0,0,0,0,0,0,0,3,0,0,1,0,0,1,0,0,0,4,0,0,0,0,0,0,14,0,0,0,0,0,5,0,0,2,2019-03-31T21:20:00
21,070963,51,47,1,19,32,0,32,0,32,1,0,0,0,0,1,0,0,0,0,0,0,0,0,3,0,1,0,0,1,0,0,0,4,0,0,0,0,0,0,14,0,0,0,0,0,5,0,0,2,"31.03.2019 21:20"
30,120981,2355,2328,12,806,1543,6,1549,0,1549,17,3,0,1,0,191,2,0,107,0,40,0,0,0,712,1,1,0,1,13,6,2,0,28,0,3,0,0,0,1,111,0,1,72,1,2,223,9,0,2,2019-04-01T01:30:00
30,120981,2355,2328,12,806,1543,6,1549,0,1549,16,3,0,1,0,191,2,0,107,0,40,0,0,0,712,1,1,0,1,13,6,2,0,28,0,3,0,0,0,1,111,0,1,72,1,2,223,9,0,2,"01.04.2019 14:05"
30,120996,2235,2201,9,757,1473,5,1478,0,1473,11,4,3,3,5,181,1,0,153,0,51,0,0,1,697,0,0,1,0,10,0,7,0,29,1,0,0,0,0,0,90,0,0,88,0,2,128,6,0,1,2019-04-01T10:00:00
30,120996,2235,2201,9,757,1473,5,1478,0,1478,16,4,3,3,5,181,1,0,153,0,51,0,0,1,697,0,0,1,0,10,0,7,0,29,1,0,0,0,0,0,90,0,0,88,0,2,128,6,0,1,"01.04.2019 12:00"
32,121544,1821,1797,11,552,1265,3,1268,0,1268,14,0,0,1,3,92,1,0,204,0,27,0,0,1,732,3,2,1,0,7,0,1,0,12,0,1,0,0,0,0,61,0,0,46,0,1,54,1,1,1,2019-04-01T16:30:00
32,121544,1821,1797,11,553,1265,3,1268,0,1268,15,0,0,1,3,92,1,0,204,0,27,0,0,1,732,3,2,1,0,7,0,1,0,12,0,1,0,0,0,0,61,0,0,46,0,1,54,1,1,1,"01.04.2019 12:00"
32,121643,1977,1952,8,579,1391,7,1398,0,1391,8,1,1,2,0,95,0,1,221,1,35,0,0,2,741,1,0,1,0,8,0,0,0,18,0,2,0,0,0,0,90,0,1,68,0,0,89,1,1,3,2019-04-01T09:01:00
32,121643,1977,1952,8,579,1391,7,1398,0,1398,15,1,1,2,0,95,0,1,221,1,35,0,0,2,741,1,0,1,0,8,0,0,0,18,0,2,0,0,0,0,90,0,1,68,0,0,89,1,1,3,"01.04.2019 09:01"
32,121658,1908,1869,14,574,1329,5,1334,1,1334,8,3,2,0,1,91,0,2,196,0,35,0,0,1,732,1,0,0,0,7,0,0,0,19,0,2,0,0,0,0,74,0,1,80,0,1,75,1,0,1,2019-04-01T03:40:00
32,121658,1908,1869,14,574,1329,5,1334,0,1334,9,3,2,0,1,91,0,2,196,0,35,0,0,1,732,1,0,0,0,7,0,0,0,19,0,2,0,0,0,0,74,0,1,80,0,1,75,1,0,1,"01.04.2019 01:40"
32,121660,2196,2179,18,611,1573,12,1585,0,1585,10,3,0,0,2,123,2,0,304,0,59,0,0,0,744,0,0,1,0,5,1,1,1,35,1,3,0,1,0,0,111,0,2,82,0,0,85,4,0,4,2019-04-01T04:11:00
32,121660,2196,2179,18,611,1573,12,1585,0,1585,11,3,0,0,2,123,2,0,304,0,59,0,0,0,744,0,0,1,0,5,1,1,1,35,1,3,0,1,0,0,111,0,2,82,0,0,85,4,0,4,"01.04.2019 04:11"
32,121665,1914,1893,18,556,1346,14,1360,0,1360,12,4,0,1,1,85,0,1,259,0,40,0,0,0,690,1,2,0,0,10,2,1,1,13,1,2,0,0,0,1,85,0,0,68,0,1,72,5,0,0,2019-04-01T16:10:00
32,121665,1914,1893,18,554,1346,14,1360,0,1360,14,4,0,1,1,85,0,1,259,0,40,0,0,0,690,1,2,0,0,10,2,1,1,13,1,2,0,0,0,1,85,0,0,68,0,1,72,5,0,0,"01.04.2019 00:40"
32,121681,2184,2147,24,593,1570,21,1591,0,1591,10,5,0,2,2,117,0,1,289,1,73,0,0,0,763,2,0,0,0,10,0,0,0,17,1,2,0,0,1,1,111,0,0,83,0,0,94,1,0,3,2019-04-01T04:59:00
32,121681,2184,2147,24,593,1570,21,1591,0,1591,12,5,0,2,2,117,0,1,289,1,73,0,0,0,763,2,0,0,0,10,0,0,0,17,1,2,0,0,1,1,111,0,0,83,0,0,94,1,0,3,"01.04.2019 04:39"
33,121505,2223,2216,59,702,1471,42,1521,8,1521,25,5,1,2,1,142,1,0,253,0,42,0,0,1,776,1,1,0,0,8,0,0,0,22,2,1,1,0,0,0,85,1,0,73,0,3,66,7,0,1,2019-04-01T01:08:00
33,121505,2223,2216,59,702,1471,50,1521,8,1513,17,5,1,2,1,142,1,0,253,0,42,0,0,1,776,1,1,0,0,8,0,0,0,22,2,1,1,0,0,0,85,1,0,73,0,3,66,7,0,1,"04.04.2019 10:10"
36,120369,1422,1400,54,466,903,53,956,0,956,9,0,0,1,1,200,0,100,0,29,0,1,0,428,0,0,2,0,2,0,0,1,62,1,0,0,0,0,0,0,40,0,1,20,0,0,53,3,1,1,2019-03-31T23:03:00
36,120369,1422,1400,54,466,903,53,956,0,956,9,0,0,1,1,200,0,0,100,0,29,0,1,0,428,0,0,2,0,2,0,0,1,62,1,0,0,0,0,0,40,0,1,20,0,0,53,3,1,1,"02.04.2019 17:31"
38,120303,1995,1887,7,901,1091,3,1094,1,1094,8,1,1,0,1,238,1,1,101,1,22,0,1,0,475,2,0,0,0,5,1,1,0,28,0,2,0,1,0,3,106,0,0,42,0,1,44,1,1,5,2019-04-01T14:45:00
38,120303,1995,1887,7,900,1092,3,1095,0,1095,9,1,1,0,1,238,1,1,101,1,22,0,1,0,475,2,0,0,0,5,1,1,0,28,0,2,0,1,0,3,106,0,0,42,0,1,44,1,1,5,"01.04.2019 14:55"
39,120434,1236,1214,16,433,789,14,803,0,803,5,1,0,1,0,130,3,0,43,0,44,0,0,1,325,1,0,0,3,0,0,0,54,0,1,0,0,0,0,74,1,0,45,0,0,65,4,1,1,0,2019-03-31T23:50:00
39,120434,1236,1214,16,433,789,14,803,0,803,5,1,0,1,0,130,3,0,43,0,44,0,0,1,325,1,0,0,0,3,0,0,0,54,0,1,0,0,0,0,74,1,0,45,0,0,65,4,1,1,"31.03.2019 23:50"
40,120199,636,627,45,240,357,39,396,0,396,5,3,0,0,0,27,0,36,0,0,18,0,0,0,188,0,0,0,0,0,0,0,2,36,0,0,1,0,0,2,33,0,0,6,0,0,33,5,1,0,2019-03-31T22:41:00
40,120199,636,627,45,240,357,39,396,0,396,5,3,0,0,0,27,0,0,36,0,18,0,0,0,188,0,0,0,0,0,0,0,2,36,0,0,1,0,0,2,33,0,0,6,0,0,33,5,1,0,"04.04.2019 16:30"
47,141226,2124,2100,29,1126,980,18,998,1,997,14,0,1,0,2,511,2,0,67,0,6,0,0,0,237,0,0,0,1,3,0,0,1,21,1,1,0,0,0,0,64,0,1,26,0,0,36,1,0,1,2019-04-01T05:20:00
47,141226,2124,2100,29,1126,980,18,998,0,998,15,0,1,0,2,511,2,0,67,0,6,0,0,0,237,0,0,0,1,3,0,0,1,21,1,1,0,0,0,0,64,0,1,26,0,0,36,1,0,1,"02.04.2019 08:30"
49,140267,285,279,6,88,191,6,197,0,197,0,0,2,0,1,57,0,18,0,0,0,0,0,0,52,0,0,0,0,0,0,0,1,13,0,0,0,0,0,0,36,0,0,2,0,1,14,0,0,0,2019-03-31T23:20:00
49,140267,285,279,6,88,191,6,197,0,197,0,0,2,0,1,57,0,0,18,0,0,0,0,0,52,0,0,0,0,0,0,0,1,13,0,0,0,0,0,0,36,0,0,2,0,1,14,0,0,0,"31.03.2019 23:30"
49,140830,1713,1682,32,749,939,25,964,7,964,7,0,0,0,1,459,1,0,101,0,16,0,1,0,206,1,1,0,0,0,1,0,1,47,0,1,0,0,0,0,50,0,1,32,0,1,34,2,0,0,2019-04-01T15:00:00
49,140830,1713,1682,32,750,938,25,963,0,963,5,0,0,0,1,459,1,0,101,0,16,0,1,0,206,1,0,0,0,0,1,0,1,47,0,1,0,0,0,0,50,0,1,32,0,1,34,2,0,0,"03.04.2019 17:00"
50,141079,2190,2169,21,1182,993,14,1007,0,1007,14,0,1,1,2,346,2,0,125,0,15,0,0,1,330,0,0,0,0,7,0,1,0,18,0,2,1,0,0,0,63,0,0,18,7,0,45,3,0,4,2019-04-01T15:00:00
50,141079,2190,2169,21,1182,993,14,1007,0,1008,16,0,1,1,2,346,2,0,125,0,15,0,0,1,330,0,0,0,0,7,0,1,0,18,0,2,1,0,0,0,63,0,0,18,7,0,45,3,0,4,"02.04.2019 17:30"
59,140313,1260,1224,7,937,319,4,323,0,323,2,0,2,0,148,1,0,30,0,2,0,0,0,0,86,0,0,1,0,0,0,0,0,4,2,0,0,0,0,0,35,0,0,3,1,0,6,0,0,0,2019-03-31T23:06:00
59,140313,1260,1224,7,937,319,4,323,0,323,2,0,0,2,0,148,1,0,30,0,2,0,0,0,86,0,0,1,0,0,0,0,0,4,2,0,0,0,0,0,35,0,0,3,1,0,6,0,0,0,"31.03.2019 23:20"
60,000003,420,415,0,117,303,0,303,10,303,0,0,1,0,0,2,0,0,2,1,10,0,0,0,109,0,0,0,0,15,0,0,0,3,2,0,0,0,0,0,124,0,1,10,0,0,8,1,0,4,2019-03-31T23:45:00
60,000003,420,415,0,117,303,0,303,0,303,10,0,1,0,0,2,0,0,2,1,10,0,0,0,109,0,0,0,0,15,0,0,0,3,2,0,0,0,0,0,124,0,1,10,0,0,8,1,0,4,"01.04.2019 14:00"
60,140154,1704,1685,44,819,856,29,885,0,885,17,1,0,1,3,437,4,0,62,0,7,0,0,1,183,1,1,0,0,0,0,0,0,20,1,0,0,0,0,0,78,0,1,33,1,1,29,2,0,1,2019-03-31T23:50:00
60,140154,1704,1685,44,819,856,29,885,0,885,17,1,0,1,3,78,0,4,62,0,7,0,0,0,183,0,0,0,0,0,0,0,0,23,2,0,0,0,0,0,437,0,0,33,0,3,29,0,0,2,"01.04.2019 02:20"
60,140155,1794,1769,55,1026,730,38,768,0,768,11,0,1,1,0,409,4,1,45,0,10,0,1,2,161,0,1,0,0,0,0,0,0,20,2,0,0,0,0,0,67,0,0,15,0,0,16,0,1,0,2019-04-01T00:08:00
60,140155,1794,1769,55,1026,730,38,768,0,768,11,0,0,3,0,67,0,0,161,0,10,0,0,0,45,2,0,0,0,0,0,0,3,20,2,0,0,0,0,0,409,0,0,15,0,4,16,0,0,0,"01.04.2019 02:30"
60,140183,657,656,52,271,338,48,386,0,386,4,0,0,0,0,183,1,0,22,0,8,0,0,0,76,0,0,0,0,0,0,0,0,40,0,1,0,0,0,0,32,0,6,0,0,0,13,0,0,0,2019-04-01T00:10:00
60,140183,657,656,52,271,338,48,386,0,386,4,0,0,0,0,183,1,0,22,0,8,0,0,0,76,0,0,0,0,0,0,0,0,40,0,1,0,0,0,0,32,0,0,6,0,0,13,0,0,0,"01.04.2019 00:10"
62,181343,1821,1815,14,593,1218,10,1228,0,1228,19,3,2,4,2,133,0,1,24,1,86,0,4,0,346,0,0,1,0,18,1,0,2,36,1,3,0,0,0,0,190,0,2,195,0,0,144,2,1,6,2019-04-01T01:19:00
62,181343,1821,1815,14,593,1218,10,1228,0,1228,20,3,2,4,2,133,0,1,24,1,86,0,4,0,346,0,0,1,0,18,1,0,2,36,1,3,0,0,0,0,190,0,2,195,0,0,144,2,1,6,"01.04.2019 13:00"
63,180028,228,231,28,79,130,19,149,0,149,5,0,2,0,0,9,0,1,0,11,0,3,0,36,0,1,0,0,0,0,0,0,0,44,0,0,0,0,0,0,19,0,0,4,0,1,12,0,0,1,2019-03-31T22:00:00
63,180028,228,231,28,79,130,19,149,0,149,5,0,2,0,0,9,0,1,0,0,11,0,3,0,36,0,1,0,0,0,0,0,0,44,0,0,0,0,0,0,19,0,0,4,0,1,12,0,0,1,"31.03.2019 22:00"
64,180418,1005,972,20,365,620,20,640,0,640,5,2,0,2,2,59,2,0,5,0,22,0,0,1,231,1,1,0,0,0,4,0,0,55,1,0,0,0,0,1,86,0,0,62,0,0,93,2,0,3,2019-04-01T00:20:00
64,180418,1005,972,20,365,620,20,640,0,640,5,1,0,2,2,59,2,0,5,0,22,0,0,1,231,1,1,0,0,4,0,0,1,55,1,0,0,0,0,1,86,0,0,62,0,0,93,2,0,3,"01.04.2019 00:20"
64,180506,114,110,5,64,45,5,50,0,50,0,0,0,0,0,5,0,0,0,0,0,0,0,0,6,0,1,0,0,0,0,0,0,21,1,0,0,0,0,0,4,0,0,1,9,2,0,0,0,0,2019-04-01T01:50:00
64,180506,114,110,5,64,45,5,50,0,50,0,0,0,0,0,5,0,0,0,0,0,0,0,0,6,0,1,0,0,0,0,0,0,21,1,0,0,0,0,0,4,0,0,1,0,0,9,2,0,0,"01.04.2019 01:50"
64,181293,897,886,6,344,549,4,553,0,553,8,0,0,0,0,52,0,1,16,0,10,2,182,0,0,0,2,0,0,4,0,0,4,94,1,3,0,0,0,0,54,1,0,53,0,0,62,3,0,1,2019-04-01T00:10:00
64,181293,897,886,6,344,549,4,553,0,553,8,0,0,0,0,52,0,1,16,0,10,2,0,0,182,0,2,0,0,4,0,0,4,94,1,3,0,0,0,0,54,1,0,53,0,0,62,3,0,1,"01.04.2019 00:11"
65,180052,1077,1070,26,392,665,20,685,0,685,5,0,1,1,0,34,1,0,7,0,49,0,1,1,234,1,1,1,0,2,0,0,0,71,0,0,1,0,0,1,0,76,0,51,0,2,126,6,3,9,2019-04-01T05:30:00
65,180052,1077,1070,26,392,665,20,685,0,685,5,0,1,1,0,34,1,0,7,0,49,0,1,1,234,1,1,1,0,2,0,0,0,71,0,0,1,0,0,1,76,0,0,51,0,2,126,6,3,9,"01.04.2019 05:30"
65,180076,606,599,29,245,336,25,361,0,361,5,0,0,0,30,0,0,9,1,15,0,0,0,101,1,0,0,0,0,0,0,0,1,64,0,1,0,1,0,0,55,0,1,11,0,1,58,4,0,2,2019-04-01T01:35:00
65,180076,606,599,29,245,336,25,361,0,361,5,0,0,0,0,30,0,0,9,1,15,0,0,0,101,1,0,0,0,0,0,0,1,64,0,1,0,1,0,0,55,0,1,11,0,1,58,4,0,2,"01.04.2019 01:35"
65,180252,204,199,11,52,141,11,152,0,152,1,0,0,0,0,14,0,0,3,0,0,0,0,0,0,6,0,1,0,0,0,0,0,0,34,0,0,0,0,0,60,0,0,1,0,1,29,1,0,1,2019-04-01T03:45:00
65,180252,204,199,11,52,141,11,152,0,152,1,0,0,0,0,14,0,0,3,0,0,0,0,0,6,0,1,0,0,0,0,0,0,34,0,0,0,0,0,0,60,0,0,1,0,1,29,1,0,1,"01.04.2019 06:00"
65,180269,72,74,1,20,51,1,52,0,52,0,0,0,0,0,3,0,0,6,0,0,0,0,0,12,0,0,0,0,0,0,0,0,1,0,0,0,0,1,0,13,0,0,1,0,0,13,0,1,1,2019-04-01T00:30:00
65,180269,72,74,1,20,51,1,52,0,52,0,0,0,0,0,3,0,0,6,0,0,0,0,0,12,0,0,0,0,0,0,0,0,1,0,0,0,0,1,0,13,0,1,0,0,0,13,0,1,1,"01.04.2019 00:40"
65,180272,231,231,21,91,120,20,140,0,140,3,0,0,0,0,8,0,0,1,1,9,0,0,1,27,1,2,0,0,0,0,0,0,13,0,0,0,0,0,1,28,0,1,5,0,0,0,38,1,0,2019-04-01T00:15:00
65,180272,231,231,21,91,120,20,140,0,140,3,0,0,0,0,8,0,0,1,1,9,0,0,1,27,1,2,0,0,0,0,0,0,13,0,0,0,0,0,1,28,0,1,5,0,0,38,1,0,0,"01.04.2019 00:15"
65,180288,108,106,14,36,60,12,72,0,72,5,0,0,0,0,7,0,0,0,0,5,0,0,0,6,0,0,0,0,0,0,0,0,10,0,0,0,0,0,0,17,0,0,0,4,0,18,0,0,0,2019-04-01T01:12:00
65,180288,108,106,14,36,60,12,72,0,72,5,0,0,0,0,7,0,0,0,0,5,0,0,0,6,0,0,0,0,0,0,0,0,10,0,0,0,0,0,0,17,0,0,4,0,0,18,0,0,0,"01.04.2019 01:00"
65,180632,138,134,9,49,80,9,89,0,89,1,0,1,0,1,4,1,0,7,0,2,0,0,0,16,0,0,0,0,0,0,1,26,0,0,0,0,0,0,0,13,0,0,2,0,1,10,2,0,1,2019-04-01T00:04:00
65,180632,138,134,9,49,80,9,89,0,89,1,0,1,0,1,4,1,0,7,0,2,0,0,0,16,0,0,0,0,0,0,0,1,26,0,0,0,0,0,0,13,0,0,2,0,1,10,2,0,1,"01.04.2019 00:04"
65,180635,318,319,7,78,233,7,240,0,240,2,0,0,0,1,8,0,0,11,0,14,0,0,0,32,0,0,0,0,1,0,0,1,81,0,0,0,0,0,0,26,3,0,0,0,0,54,4,0,2,2019-04-01T00:05:00
65,180635,318,319,7,78,233,7,240,0,240,2,0,0,0,1,8,0,0,11,0,14,0,0,0,32,0,0,0,0,1,0,0,1,81,0,0,0,0,0,0,26,0,0,3,0,0,54,4,0,2,"01.04.2019 00:05"
65,180644,165,168,5,65,95,5,100,0,100,1,0,0,0,4,0,0,0,3,1,2,0,0,0,32,0,0,0,0,1,0,0,1,24,0,0,0,0,0,0,10,0,0,3,0,0,17,1,0,0,2019-04-01T03:24:00
65,180644,165,168,5,65,95,5,100,0,100,1,0,0,0,0,4,0,0,3,1,2,0,0,0,32,0,0,0,0,1,0,0,1,24,0,0,0,0,0,0,10,0,0,3,0,0,17,1,0,0,"01.04.2019 03:24"
65,180671,372,366,34,144,196,32,228,0,228,3,0,0,1,0,7,0,1,2,2,19,0,0,0,54,1,0,0,0,1,0,0,1,53,0,0,0,0,0,1,41,0,17,0,0,1,19,3,0,1,2019-04-01T12:16:00
65,180671,372,366,34,144,196,32,228,0,228,3,0,0,1,0,7,0,1,2,2,19,0,0,0,54,1,0,0,0,1,0,0,1,53,0,0,0,0,0,1,41,0,0,17,0,1,19,3,0,1,"01.04.2019 10:24"
66,180207,315,313,15,90,213,12,225,0,225,1,0,0,0,0,15,0,0,4,0,10,0,1,1,56,0,0,0,0,0,0,0,0,43,0,0,0,1,0,0,48,0,0,6,0,0,37,0,0,1,2019-04-01T00:30:00
66,180207,315,313,15,90,213,12,225,0,225,2,0,0,0,0,15,0,0,4,0,10,0,1,1,56,0,0,0,0,0,0,0,0,43,0,0,0,1,0,0,48,0,0,6,0,0,37,0,0,1,"02.04.2019 16:00"
66,181148,129,124,15,44,71,14,85,0,85,2,0,0,1,0,10,0,0,1,0,1,0,0,0,8,0,0,0,0,0,0,0,0,9,0,0,0,0,0,0,12,0,0,0,0,0,0,40,1,0,2019-04-01T00:15:00
66,181148,129,124,15,44,71,14,85,0,85,2,0,0,1,0,10,0,0,1,0,1,0,0,0,8,0,0,0,0,0,0,0,0,9,0,0,0,0,0,0,12,0,0,0,0,0,40,1,0,0,"02.04.2019 00:15"
67,180300,1674,1665,29,590,1058,26,1084,0,1084,2,4,0,6,1,74,2,1,15,0,67,0,3,0,322,0,0,0,0,11,0,0,2,0,121,0,2,0,0,1,173,0,1,113,0,1,157,4,0,1,2019-04-01T00:10:00
67,180300,1674,1665,29,590,1058,26,1084,0,1084,2,4,0,6,1,74,2,1,15,0,67,0,3,0,322,0,0,0,0,11,0,0,2,121,0,2,0,0,0,1,173,0,1,113,0,1,157,4,0,1,"01.04.2019 15:00"
67,180301,597,588,22,229,346,22,368,0,368,5,0,1,2,1,18,1,0,6,0,17,0,0,0,90,0,0,0,0,20,2,0,0,57,1,0,0,0,0,51,1,1,24,0,0,0,59,4,0,7,2019-04-01T00:10:00
67,180301,597,588,22,229,346,22,368,0,368,5,0,1,2,1,18,1,0,6,0,17,0,0,0,90,0,0,0,0,20,2,0,0,57,1,0,0,0,0,0,51,1,1,24,0,0,59,4,0,7,"02.04.2019 10:00"
67,180304,378,373,6,136,236,6,242,0,242,2,0,0,0,1,12,0,0,2,0,10,0,0,1,0,70,0,0,0,1,0,0,0,37,0,0,0,0,0,0,40,0,0,29,0,0,36,0,0,1,2019-04-01T10:50:00
67,180304,378,373,6,136,236,6,242,0,242,2,0,0,0,1,12,0,0,2,0,10,0,1,0,70,0,0,0,0,1,0,0,0,37,0,0,0,0,0,0,40,0,0,29,0,0,36,0,0,1,"01.04.2019 13:15"
67,180312,474,465,16,154,304,16,320,0,320,2,1,4,1,5,0,0,0,0,0,26,0,0,0,93,0,0,1,0,5,0,0,1,25,0,1,0,0,0,0,74,0,36,0,0,40,5,0,0,0,2019-04-01T08:13:00
67,180312,474,465,16,154,304,16,320,0,320,2,0,1,4,1,5,0,0,0,0,26,0,0,0,93,0,0,1,0,5,0,0,1,25,0,1,0,0,0,0,74,0,0,36,0,0,40,5,0,0,"01.04.2019 00:00"
67,180331,1059,1045,80,333,648,78,726,0,726,8,2,1,2,0,35,0,0,13,0,59,1,5,0,216,0,0,0,0,11,0,0,1,74,0,1,0,2,95,0,0,0,0,50,0,0,139,8,1,2,2019-04-01T03:45:00
67,180331,1059,1045,80,333,648,78,726,0,726,8,2,1,2,0,35,0,0,13,0,59,1,5,0,216,0,0,0,0,11,0,0,1,74,0,1,0,0,0,2,95,0,0,50,0,0,139,8,1,2,"01.04.2019 17:00"
67,180341,1467,1437,20,499,949,19,968,0,968,6,3,0,1,4,1,38,0,17,0,46,0,3,0,351,0,1,0,0,14,0,1,0,51,0,5,0,0,0,2,174,0,0,89,0,1,153,6,0,1,2019-04-01T07:08:00
67,180341,1467,1437,20,499,949,19,968,0,968,6,3,1,4,1,38,0,0,17,0,46,0,3,0,351,0,1,0,0,14,0,1,0,51,0,5,0,0,0,2,174,0,0,89,0,1,153,6,0,1,"01.04.2019 13:00"
67,180345,267,267,33,76,162,29,191,0,191,5,0,0,1,1,8,0,0,2,0,3,0,0,0,40,0,2,0,4,0,1,30,1,0,0,0,0,0,0,0,43,0,0,6,0,0,36,4,1,3,2019-04-01T08:19:00
67,180345,267,267,33,76,162,29,191,0,191,5,0,0,1,1,8,0,0,2,0,3,0,0,0,40,0,2,0,4,0,0,0,1,30,1,0,0,0,0,0,43,0,0,6,0,0,36,4,1,3,"01.04.2019 16:00"
67,180531,219,219,27,72,124,23,147,0,147,0,0,0,0,0,8,0,0,1,1,13,0,0,0,31,0,0,0,0,19,0,0,0,0,0,0,0,0,0,0,29,1,1,1,0,0,40,2,0,0,2019-04-01T00:30:00
67,180531,219,219,27,72,124,23,147,0,147,0,0,0,0,0,8,0,0,1,1,13,0,0,0,31,0,0,0,0,0,0,0,0,19,0,0,0,0,0,0,29,1,1,1,0,0,40,2,0,0,"02.04.2019 12:00"
67,180994,126,123,10,35,81,10,91,0,91,0,0,0,0,0,11,0,0,0,9,0,0,0,0,12,0,0,0,0,0,0,0,0,3,0,0,0,0,0,1,29,0,0,7,0,0,19,0,0,0,2019-03-31T23:31:00
67,180994,126,123,10,35,81,10,91,0,91,0,0,0,0,0,11,0,0,0,0,9,0,0,0,12,0,0,0,0,0,0,0,0,3,0,0,0,0,0,1,29,0,0,7,0,0,19,0,0,0,"01.04.2019 10:00"
67,180998,126,125,8,35,86,5,91,0,91,0,0,0,0,0,7,0,0,0,0,7,0,0,0,22,0,0,0,0,0,0,0,0,26,0,0,0,0,0,0,13,0,0,0,0,15,0,0,1,0,2019-04-01T00:13:00
67,180998,126,125,8,35,86,5,91,0,91,0,0,0,0,0,7,0,0,0,0,7,0,0,0,22,0,0,0,0,0,0,0,0,26,0,0,0,0,0,0,13,0,0,0,0,0,15,0,1,0,"01.04.2019 09:00"
67,181011,225,222,4,64,157,4,161,0,161,2,0,0,0,0,14,0,0,0,0,10,1,0,0,30,0,0,0,0,0,0,0,0,24,0,1,0,0,0,1,32,1,0,0,0,0,40,4,0,1,2019-04-01T00:02:00
67,181011,225,222,4,64,157,4,161,0,161,2,0,0,0,0,14,0,0,0,0,10,1,0,0,30,0,0,0,0,0,0,0,0,24,0,1,0,0,0,1,32,0,1,0,0,0,40,4,0,1,"01.04.2019 09:00"
67,181016,57,60,5,15,38,4,42,0,42,0,0,0,0,8,0,0,0,0,0,1,0,0,0,9,0,0,0,0,0,0,0,0,6,0,0,0,0,0,0,9,0,0,2,0,0,7,0,0,0,2019-03-31T23:03:00
67,181016,57,60,5,15,38,4,42,0,42,0,0,0,0,0,8,0,0,0,0,1,0,0,0,9,0,0,0,0,0,0,0,0,6,0,0,0,0,0,0,9,0,0,2,0,0,7,0,0,0,"01.04.2019 11:00"
67,181171,948,939,38,385,531,32,563,0,563,4,1,0,2,0,33,0,0,11,0,48,0,2,0,137,0,0,0,0,6,0,0,0,90,0,3,0,0,0,0,77,0,1,28,0,115,1,0,4,0,2019-04-01T08:05:00
67,181171,948,939,38,385,531,32,563,0,563,4,1,0,2,0,33,0,0,11,0,48,0,2,0,137,0,0,0,0,6,0,0,0,90,0,3,0,0,0,0,77,0,1,28,0,0,115,1,0,4,"02.04.2019 11:00"
67,181172,864,844,37,407,424,33,457,0,457,3,0,0,0,2,45,0,0,3,0,36,0,1,1,111,0,2,0,1,2,0,0,68,1,0,0,0,0,0,0,35,0,0,30,0,1,102,12,1,0,2019-04-01T03:50:00
67,181172,864,844,37,407,424,33,457,0,457,3,0,0,0,2,45,0,0,3,0,36,0,1,1,111,0,2,0,1,2,0,0,0,68,1,0,0,0,0,0,35,0,0,30,0,1,102,12,1,0,"02.04.2019 10:00"
67,181193,126,123,18,19,89,18,107,0,107,0,0,0,0,0,6,0,0,5,0,18,0,0,0,0,11,0,0,0,5,0,0,0,27,0,0,0,0,0,0,9,1,0,0,0,0,23,2,0,0,2019-03-31T21:10:00
67,181193,126,123,18,19,89,18,107,0,107,0,0,0,0,0,6,0,0,5,0,18,0,0,0,11,0,0,0,0,5,0,0,0,27,0,0,0,0,0,0,9,1,0,0,0,0,23,2,0,0,"02.04.2019 00:00"
67,181199,162,161,25,33,106,23,129,0,129,3,0,0,0,4,0,0,0,0,0,7,0,0,0,16,1,0,0,0,3,0,0,1,32,0,0,0,0,0,0,21,0,0,1,0,0,38,0,1,1,2019-04-01T00:01:00
67,181199,162,161,25,33,106,23,129,0,129,3,0,0,0,0,4,0,0,0,0,7,0,0,0,16,1,0,0,0,3,0,0,1,32,0,0,0,0,0,0,21,0,0,1,0,0,38,0,1,1,"01.04.2019 15:00"
67,181201,753,745,60,247,453,53,506,0,506,6,0,0,1,0,26,0,0,3,0,40,0,4,0,125,0,2,0,0,2,81,0,0,0,0,0,0,0,0,0,87,0,1,15,0,1,101,2,0,9,2019-03-31T22:43:00
67,181201,753,745,60,247,453,53,506,0,506,6,0,0,1,0,26,0,0,3,0,40,0,4,0,125,0,2,0,0,2,0,0,0,81,0,0,0,0,0,0,87,0,1,15,0,1,101,2,0,9,"01.04.2019 17:00"
67,181394,2448,2418,11,977,1462,9,1471,0,1470,21,6,3,9,1,67,0,0,24,1,86,0,3,2,517,1,0,1,0,28,0,0,0,95,0,2,0,1,0,2,201,0,0,164,1,0,215,10,3,6,2019-04-01T01:20:00
67,181394,2448,2418,11,977,1462,9,1471,0,1471,22,6,3,9,1,67,0,0,24,1,86,0,3,2,517,1,0,1,0,28,0,0,0,95,0,2,0,1,0,2,201,0,0,164,1,0,215,10,3,6,"01.04.2019 01:20"
72,210528,906,904,5,598,303,5,308,0,308,5,0,0,0,1,17,0,0,3,0,20,1,1,1,146,0,0,0,0,0,0,0,0,23,0,0,0,0,0,1,31,0,0,4,0,48,1,1,2,2,2019-04-01T00:15:00
72,210528,906,904,5,598,303,5,308,0,308,5,0,0,0,1,17,0,0,3,0,20,1,1,1,146,0,0,0,0,0,0,0,0,23,0,0,0,0,0,1,31,0,0,4,0,1,48,1,2,2,"01.04.2019 04:25"
73,210123,1854,1837,28,1147,682,25,707,0,707,18,0,0,2,1,36,0,0,9,0,23,0,0,0,291,1,0,0,0,5,0,1,0,74,0,0,0,0,0,73,0,0,0,35,0,1,88,8,8,33,2019-04-01T05:10:00
73,210123,1854,1837,28,1147,682,25,707,0,707,18,0,0,2,1,36,0,0,9,0,23,0,0,0,291,1,0,0,0,5,0,1,0,74,0,0,0,0,0,0,73,0,0,35,0,1,88,8,8,33,"01.04.2019 05:10"
73,210674,384,379,9,157,219,8,227,0,227,3,0,0,0,0,10,0,0,5,0,8,0,0,0,111,0,0,0,0,4,0,0,0,2,0,0,0,0,0,0,20,0,0,6,0,0,55,2,0,1,2019-04-01T01:20:00
73,210674,384,379,9,157,219,8,227,0,227,3,0,0,0,0,10,0,0,5,0,8,0,0,0,111,0,0,0,0,4,0,0,0,2,0,0,0,0,0,0,20,0,0,6,0,0,55,0,2,1,"01.04.2019 01:20"
75,230961,2169,2152,23,838,1313,18,1331,0,1331,18,3,1,3,3,183,1,0,94,1,34,0,0,0,569,1,2,0,0,8,1,0,1,35,0,2,0,1,0,0,149,0,0,88,0,0,120,3,1,9,2019-04-01T10:20:00
75,230961,2169,2152,23,838,1313,18,1331,0,1331,18,3,1,3,3,183,1,0,94,1,34,0,0,0,568,1,2,0,0,8,1,0,1,35,0,2,0,1,0,0,149,0,0,88,0,0,120,4,1,9,"01.04.2019 10:20"
78,230656,2097,2093,10,684,1405,8,1413,1,1411,17,5,0,1,2,316,2,0,97,0,31,0,0,2,586,0,0,1,1,3,1,0,0,38,0,3,0,0,0,0,131,0,1,85,0,2,83,0,1,2,2019-04-01T00:25:00
78,230656,2097,2093,10,684,1405,8,1413,0,1412,18,5,0,1,2,316,2,0,97,0,31,0,0,2,586,0,0,1,1,3,1,0,0,38,0,3,0,0,0,0,131,0,1,85,0,2,83,0,1,2,"01.04.2019 00:25"
78,230689,150,59,0,98,52,0,52,0,52,0,0,0,0,5,0,0,0,4,0,0,0,0,0,25,0,0,0,0,0,0,0,0,3,0,0,0,0,0,0,4,0,0,1,0,0,8,1,0,1,2019-04-01T00:15:00
78,230689,150,59,0,98,52,0,52,0,52,0,0,0,0,0,5,0,0,4,0,0,0,0,0,25,0,0,0,0,0,0,0,0,3,0,0,0,0,0,0,4,0,0,1,0,0,8,1,0,1,"01.04.2019 00:15"
85,260543,129,128,13,40,76,13,89,0,89,0,0,0,0,0,0,0,0,0,0,11,0,0,0,7,0,0,0,1,2,0,0,0,0,4,0,0,0,0,0,27,0,0,0,0,0,24,3,0,10,2019-04-01T00:30:00
85,260543,129,128,13,40,76,13,89,0,89,0,0,0,0,0,0,0,0,0,0,11,0,0,0,7,0,0,0,1,2,0,0,0,4,0,0,0,0,0,0,27,0,0,0,0,0,24,3,0,10,"01.04.2019 00:30"
91,320578,1368,1370,13,490,865,13,878,0,878,19,4,3,0,0,23,0,0,11,0,35,0,2,1,320,2,0,0,0,7,0,0,0,1,28,1,6,0,0,0,0,181,0,55,0,3,154,13,0,9,2019-04-01T13:50:00
91,320578,1368,1370,13,490,865,13,878,0,878,19,4,3,0,0,23,0,0,11,0,35,0,2,1,320,2,0,0,0,7,0,0,1,28,1,6,0,0,0,0,181,0,0,55,0,3,154,13,0,9,"01.04.2019 13:55"
91,320676,240,240,11,61,168,11,179,0,179,2,0,1,0,0,13,1,0,4,0,8,0,0,0,52,0,0,0,1,7,0,0,14,0,0,0,0,0,0,0,25,0,0,10,0,0,40,1,0,0,2019-03-31T21:40:00
91,320676,240,240,11,61,168,11,179,0,179,2,0,1,0,0,13,1,0,4,0,8,0,0,0,52,0,0,0,1,7,0,0,0,14,0,0,0,0,0,0,25,0,0,10,0,0,40,1,0,0,"05.04.2019 09:50"
93,320725,396,393,11,136,253,7,260,0,260,3,0,0,0,1,16,0,0,4,1,16,0,1,0,94,0,2,0,0,5,0,0,0,26,3,0,0,0,0,0,37,0,0,3,0,1,41,3,2,1,2019-04-01T00:42:00
93,320725,396,393,11,136,253,7,260,0,260,3,0,0,0,1,16,0,0,4,1,16,0,1,0,94,0,2,0,0,5,0,0,0,26,3,0,0,0,0,0,37,0,0,3,0,1,41,3,1,2,"01.04.2019 00:43"
93,320735,198,199,11,45,142,11,153,0,153,0,0,0,0,0,12,0,0,0,0,12,0,0,0,57,0,0,0,0,4,0,0,0,14,0,0,0,0,0,0,32,0,0,3,0,1,10,7,0,1,2019-04-01T00:10:00
93,320735,198,199,11,45,142,11,153,0,153,0,0,0,0,0,12,0,0,0,0,12,0,0,0,57,0,0,0,0,4,0,0,0,14,0,0,0,0,0,0,32,0,0,3,0,1,17,0,0,1,"01.04.2019 00:15"
98,320137,1917,1922,21,557,1344,16,1360,0,1359,11,11,0,4,0,61,0,0,14,0,96,0,2,1,447,3,0,0,1,22,0,0,1,42,0,5,0,0,0,2,269,1,6,74,0,3,256,17,0,10,2019-04-01T01:27:00
98,320137,1917,1922,21,557,1344,16,1360,0,1360,12,11,0,4,0,61,0,0,14,0,96,0,2,1,447,3,0,0,1,22,0,0,1,42,0,5,0,0,0,2,269,1,6,74,0,3,256,17,0,10,"02.04.2019 19:30"
102,350508,549,534,124,217,218,114,332,0,332,5,0,0,1,0,23,0,0,6,0,10,0,0,1,97,0,0,1,0,1,0,0,0,42,0,0,0,0,0,2,50,0,4,0,3,82,4,0,0,0,2019-03-31T22:35:00
102,350508,549,534,124,217,218,114,332,0,332,5,0,0,1,0,23,0,0,6,0,10,0,0,1,97,0,0,1,0,1,0,0,0,42,0,0,0,0,0,2,50,0,0,4,0,3,82,4,0,0,"31.03.2019 22:35"
102,350520,138,143,0,56,82,0,82,0,82,0,0,0,0,0,17,0,0,0,1,0,0,0,17,0,0,0,0,0,0,0,0,0,17,0,0,0,0,0,0,8,0,0,2,0,1,17,2,0,0,2019-03-31T22:20:00
102,350520,138,143,0,56,82,0,82,0,82,0,0,0,0,0,17,0,0,0,0,1,0,0,0,17,0,0,0,0,0,0,0,0,17,0,0,0,0,0,0,8,0,0,2,0,1,17,2,0,0,"31.03.2019 22:20"
102,350609,456,460,28,135,293,28,321,0,321,3,2,0,1,1,23,1,0,3,0,6,0,0,0,52,0,0,0,2,0,0,0,26,0,0,0,0,0,0,0,6,0,0,10,0,1,175,9,0,0,2019-03-31T22:00:00
102,350609,456,460,28,135,293,28,321,0,321,3,2,0,1,1,23,1,0,3,0,6,0,0,0,52,0,0,0,0,2,0,0,0,26,0,0,0,0,0,0,6,0,0,10,0,1,175,9,0,0,"31.03.2019 22:00"
103,350579,78,79,7,26,45,7,52,0,52,1,0,0,0,0,6,0,0,0,0,3,0,0,0,16,1,0,0,0,0,0,0,0,0,6,0,0,0,0,0,7,0,0,0,0,0,12,0,0,0,2019-04-01T00:30:00
103,350579,78,79,7,26,45,7,52,0,52,1,0,0,0,0,6,0,0,0,0,3,0,0,0,16,1,0,0,0,0,0,0,0,6,0,0,0,0,0,0,7,0,0,0,0,0,12,0,0,0,"01.04.2019 08:00"
107,440942,1587,1554,24,774,798,15,813,0,813,10,1,0,2,0,389,2,0,102,1,11,1,0,0,168,0,0,0,1,3,0,0,0,21,1,2,3,0,0,0,50,0,0,20,0,0,21,2,1,2,2019-04-01T06:10:00
107,440942,1587,1554,24,774,798,15,813,0,813,9,1,0,2,0,389,2,0,102,1,11,1,0,0,168,0,0,0,1,3,0,0,0,21,1,2,3,0,0,0,50,0,0,20,0,0,21,2,1,2,"03.04.2019 08:40"
113,440155,1254,1232,65,715,492,47,539,0,539,8,1,0,0,0,289,1,0,50,0,12,0,1,102,1,0,0,0,0,0,0,0,0,34,0,0,0,0,0,0,16,0,0,6,0,0,16,2,0,0,2019-04-01T00:30:00
113,440155,1254,1232,65,715,492,47,539,0,539,8,1,0,0,0,289,1,0,50,0,12,0,0,1,102,1,0,0,0,0,0,0,0,34,0,0,0,0,0,0,16,0,0,6,0,0,16,2,0,0,"01.04.2019 00:30"
113,440623,267,269,29,96,143,28,171,0,171,1,0,1,0,0,120,0,0,5,0,2,0,0,0,17,0,0,0,0,0,0,0,2,2,0,0,0,2,0,0,10,0,0,0,0,0,9,0,0,0,2019-04-01T02:00:00
113,440623,267,269,29,96,143,28,171,0,171,1,0,1,0,0,120,0,0,5,0,2,0,0,0,17,0,0,0,0,0,0,0,2,2,0,0,0,0,0,0,10,0,0,2,0,0,9,0,0,0,"01.04.2019 00:15"
115,461980,2342,2364,25,686,1637,19,1656,0,1656,21,5,2,2,2,41,0,0,9,0,263,0,0,0,169,0,0,0,0,75,0,0,0,28,2,6,0,0,1,3,771,1,0,113,1,1,133,4,0,5,2019-04-01T01:25:00
115,461980,2342,2364,25,686,1637,19,1656,0,1656,19,5,2,2,2,41,0,0,9,0,263,0,0,0,169,0,0,0,0,75,0,0,0,28,2,6,0,0,1,3,771,1,0,113,1,1,133,4,0,5,"01.04.2019 01:25"
119,460136,222,220,10,41,171,10,181,0,181,1,0,1,2,0,2,0,0,1,0,23,0,0,1,25,0,0,1,0,7,0,0,1,22,1,2,0,0,0,0,34,1,0,4,0,1,47,3,0,1,2019-04-01T01:33:00
119,460136,222,220,10,41,171,10,181,0,181,1,0,1,2,0,2,0,0,1,0,23,0,0,1,25,0,0,1,0,7,0,0,1,22,1,2,0,0,0,0,34,0,1,4,0,1,47,3,0,1,"04.04.2019 18:05"
122,460452,318,320,31,88,201,29,230,0,229,1,0,0,0,0,2,0,0,1,1,85,0,0,4,23,0,0,0,0,3,0,0,1,9,0,0,0,0,0,1,71,0,0,4,0,0,22,1,0,0,2019-04-01T12:25:00
122,460452,318,320,31,88,201,29,230,0,230,2,0,0,0,0,2,0,0,1,1,85,0,0,4,23,0,0,0,0,3,0,0,1,9,0,0,0,0,0,1,71,0,0,4,0,0,22,1,0,0,"02.04.2019 14:00"
122,460478,834,828,12,168,656,10,666,0,666,8,1,0,0,0,2,0,0,0,0,198,0,0,0,48,0,0,0,1,33,0,0,0,26,0,4,0,1,0,5,224,0,0,8,0,90,1,2,14,0,2019-04-01T00:04:00
122,460478,834,828,12,168,656,10,666,0,666,8,1,0,0,0,2,0,0,0,0,198,0,0,0,48,0,0,0,1,33,0,0,0,26,0,4,0,1,0,5,224,0,0,8,0,0,90,1,2,14,"01.04.2019 00:04"
124,461833,2037,2009,35,792,1215,30,1245,0,1245,22,3,2,1,2,45,0,0,13,199,0,0,1,0,191,0,0,0,0,71,0,1,0,25,0,10,0,0,1,0,293,0,2,92,0,1,255,6,1,8,2019-04-01T00:15:00
124,461833,2037,2009,35,792,1215,30,1245,0,1245,22,3,2,1,2,45,0,0,13,0,199,0,1,0,191,0,0,0,0,71,0,1,0,25,0,10,0,0,1,0,293,0,2,92,0,1,255,6,1,8,"02.04.2019 00:15"
124,461840,2217,2189,34,827,1364,26,1390,0,1389,18,4,1,5,0,41,0,0,7,1,260,0,1,0,198,1,0,0,0,65,1,0,0,31,0,4,0,1,0,0,251,0,0,106,0,1,369,18,0,5,2019-04-01T00:15:00
124,461840,2217,2189,34,827,1364,26,1390,0,1390,19,4,1,5,0,41,0,0,7,1,260,0,1,0,198,1,0,0,0,65,1,0,0,31,0,4,0,1,0,0,251,0,0,106,0,1,369,18,0,5,"01.04.2019 00:45"
125,461148,885,873,71,332,490,63,553,0,553,8,2,1,0,2,0,0,0,0,0,85,0,0,0,49,0,1,0,1,15,0,2,0,33,1,2,0,1,0,2,166,0,2,11,0,0,154,14,0,1,2019-04-01T02:05:00
125,461148,885,873,71,332,490,63,553,0,553,8,2,1,0,0,2,0,0,0,0,85,0,0,0,49,0,1,0,1,15,0,2,0,33,1,2,0,1,0,2,166,0,2,11,0,0,154,14,0,1,"01.04.2019 02:05"
127,480754,2109,2083,22,686,1415,8,1423,0,1422,10,3,4,4,1,328,1,0,104,0,69,0,1,1,489,1,0,0,0,8,0,0,2,18,0,2,0,1,0,1,164,1,1,108,0,0,94,3,2,1,2019-04-01T00:50:00
127,480754,2109,2083,22,686,1415,8,1423,0,1422,10,3,4,4,1,328,1,0,104,0,69,0,1,1,489,1,0,0,0,8,0,0,2,18,0,2,0,1,0,1,164,1,1,108,0,0,94,3,1,2,"01.04.2019 00:50"
128,480868,180,25,0,159,21,0,21,0,21,0,0,0,0,0,7,0,0,0,0,0,0,0,0,0,0,6,0,0,0,0,0,0,3,0,0,0,0,0,0,3,1,0,1,0,0,0,0,0,0,2019-04-01T00:23:00
128,480868,180,25,0,159,21,0,21,0,21,0,0,0,0,0,7,0,0,0,0,0,0,0,0,6,0,0,0,0,0,0,0,0,3,0,0,0,0,0,0,3,1,0,1,0,0,0,0,0,0,"05.04.2019 18:45"
129,480897,1548,1561,30,552,972,24,996,0,996,12,2,0,2,2,256,0,0,80,0,44,0,2,0,345,2,0,0,5,0,3,1,15,1,2,0,0,0,0,1,95,0,0,59,1,0,65,0,0,1,2019-04-01T17:35:00
129,480897,1548,1561,30,552,972,24,996,0,996,12,2,0,2,2,256,0,0,80,0,44,0,2,0,345,2,0,0,0,5,0,3,1,15,1,2,0,0,0,1,95,0,0,59,1,0,65,0,0,1,"02.04.2019 10:52"
131,480648,1473,1454,12,612,850,11,861,0,861,9,2,0,0,0,110,0,0,29,0,24,0,0,0,0,461,0,1,0,0,8,0,0,1,51,0,0,0,0,0,48,1,1,27,0,1,73,8,0,6,2019-04-01T01:34:00
131,480648,1473,1454,12,612,850,11,861,0,861,9,2,0,0,0,110,0,0,29,0,24,0,0,0,461,0,1,0,0,8,0,0,1,51,0,0,0,0,0,0,48,1,1,27,0,1,73,8,0,6,"01.04.2019 01:34"
131,480724,1890,1859,2,746,1142,2,1144,0,1144,10,2,0,0,1,108,2,0,42,1,63,0,3,0,515,2,2,0,0,12,1,0,1,43,1,4,1,1,0,1,154,0,0,55,0,0,98,5,2,14,2019-04-01T01:20:00
131,480724,1890,1859,2,746,1142,2,1144,0,1144,10,3,0,0,1,108,2,0,42,1,63,0,3,0,515,2,2,0,0,12,1,0,1,43,0,4,1,1,0,1,154,0,0,55,0,0,98,5,2,14,"01.04.2019 02:30"
132,480156,336,237,5,99,232,5,237,0,237,8,1,0,0,0,3,1,1,1,0,8,0,0,0,122,1,0,0,0,2,0,0,0,16,0,0,0,0,0,0,23,0,0,7,0,0,43,0,0,0,2019-03-31T22:08:00
132,480156,336,344,5,99,232,5,237,0,237,8,1,0,0,0,3,1,1,1,0,8,0,0,0,122,1,0,0,0,2,0,0,0,16,0,0,0,0,0,0,23,0,0,7,0,0,42,1,0,0,"03.04.2019 19:05"
141,510187,1047,1034,39,504,509,34,543,0,543,7,2,1,0,1,145,1,0,23,0,4,0,0,0,254,0,0,0,0,0,0,1,0,30,1,0,0,0,0,1,30,1,1,9,0,1,26,2,1,1,2019-04-01T00:02:00
141,510187,1047,1034,39,504,509,34,543,0,543,7,2,1,0,1,145,1,0,23,0,4,0,0,0,254,0,0,0,0,0,0,0,1,30,1,0,0,0,0,1,30,1,1,9,0,1,26,2,1,1,"01.04.2019 00:02"
141,510207,156,155,2,29,125,2,127,0,127,0,0,0,0,0,19,0,0,0,11,1,0,0,0,47,0,0,0,0,0,0,0,1,7,0,0,0,3,0,1,9,0,0,5,0,0,22,1,0,0,2019-04-01T01:35:00
141,510207,156,155,2,29,125,2,127,0,127,0,0,0,0,0,19,0,0,11,0,1,0,0,0,47,0,0,0,0,0,0,0,1,7,0,0,0,3,0,1,9,0,0,5,0,0,22,1,0,0,"01.04.2019 01:35"
142,510314,1752,1734,65,1001,691,60,751,1,750,7,1,0,0,6,391,2,0,87,1,1,1,1,0,173,0,1,1,0,0,0,0,0,26,0,0,0,0,0,0,17,0,0,3,0,5,20,4,0,2,2019-04-01T02:35:00
142,510314,1752,1734,65,1001,691,60,751,0,751,8,1,0,0,6,391,2,0,87,1,1,1,1,0,173,0,1,1,0,0,0,0,0,26,0,0,0,0,0,0,17,0,0,3,0,5,20,4,0,2,"03.04.2019 19:30"
145,530358,1020,1012,11,374,636,10,646,0,646,12,1,1,1,1,35,0,1,4,0,14,0,0,0,224,5,1,0,0,5,0,0,3,67,2,5,0,0,0,0,57,1,0,37,0,1,157,11,0,0,2019-04-01T00:55:00
145,530358,1020,1012,11,374,636,10,646,0,646,12,1,0,1,1,35,0,1,4,0,14,0,0,0,224,5,1,0,0,5,0,0,3,67,2,5,0,0,0,0,57,1,0,37,0,1,157,11,0,0,"03.04.2019 00:55"
145,530767,237,237,13,81,143,13,156,0,156,1,1,0,1,0,12,0,0,4,0,6,0,0,0,45,0,0,0,0,0,0,0,0,0,15,0,0,0,0,0,27,0,0,11,0,0,29,2,0,2,2019-04-01T00:15:00
145,530767,237,237,13,81,143,13,156,0,156,1,1,0,1,0,12,0,0,4,0,6,0,0,0,45,0,0,0,0,0,0,0,0,15,0,0,0,0,0,0,27,0,0,11,0,0,29,2,0,2,"01.04.2019 00:15"
149,530293,315,312,20,87,211,17,228,0,228,1,0,2,1,14,0,0,6,0,3,0,0,0,0,77,0,0,0,0,6,0,0,0,27,0,0,0,0,0,0,36,0,1,15,0,0,37,0,1,1,2019-03-31T23:00:00
149,530293,315,312,20,87,211,17,228,0,228,1,0,2,1,0,14,0,0,6,0,3,0,0,0,77,0,0,0,0,6,0,0,0,27,0,0,0,0,0,0,36,0,1,15,0,0,37,0,1,1,"31.03.2019 23:00"
149,530552,699,696,33,242,429,28,457,0,457,6,0,0,1,1,43,0,0,7,0,31,0,0,0,160,2,0,0,0,2,0,0,1,41,0,2,0,0,0,0,43,0,0,17,0,0,92,6,1,1,2019-04-01T02:35:00
149,530552,699,696,33,242,429,28,457,0,457,6,0,0,0,1,1,43,0,7,0,31,0,0,0,160,2,0,0,0,2,0,0,1,41,0,2,0,0,0,0,43,0,0,17,0,0,92,6,1,1,"01.04.2019 02:35"
150,530128,108,108,8,38,62,8,70,0,70,0,0,0,0,0,4,0,0,3,0,1,0,0,0,29,2,1,0,0,0,0,0,0,8,0,0,0,0,0,10,0,0,0,6,0,0,6,0,0,0,2019-03-31T22:10:00
150,530128,108,108,8,38,62,8,70,0,70,0,0,0,0,0,4,0,0,3,0,1,0,0,0,29,2,1,0,0,0,0,0,0,8,0,0,0,0,0,0,10,0,0,6,0,0,6,0,0,0,"02.04.2019 18:33"
151,530514,186,186,5,73,110,3,113,0,113,1,0,1,0,1,8,0,0,4,0,3,0,0,0,37,0,0,0,0,0,0,0,14,0,1,0,0,0,0,0,13,0,0,5,0,0,20,0,2,3,2019-04-01T14:34:00
151,530514,186,186,5,73,110,3,113,0,113,1,0,1,0,1,8,0,0,4,0,3,0,0,0,37,0,0,0,0,0,0,0,0,14,0,1,0,0,0,0,13,0,0,5,0,0,20,0,2,3,"01.04.2019 15:30"
154,560246,531,526,35,201,296,34,330,0,330,3,2,0,2,1,8,0,0,3,0,36,0,0,0,56,1,0,0,0,19,0,0,1,36,1,4,0,0,0,2,93,0,0,16,0,0,40,2,4,0,2019-04-01T02:00:00
154,560246,531,526,35,201,296,34,330,0,330,3,2,0,2,1,8,0,0,3,0,36,0,0,0,56,1,0,0,0,19,0,0,1,36,1,4,0,0,0,2,93,0,0,16,0,0,40,2,0,4,"01.04.2019 02:00"
154,560542,792,785,74,220,509,63,572,0,572,0,0,0,0,1,25,1,1,5,1,37,0,0,0,88,0,0,0,0,13,0,0,2,77,1,9,0,1,0,1,145,0,0,23,2,118,11,2,8,0,2019-04-01T01:20:00
154,560542,792,785,74,220,509,63,572,0,572,0,0,0,0,1,25,1,1,5,1,37,0,0,0,88,0,0,0,0,13,0,0,2,77,1,9,0,1,0,1,145,0,0,23,0,2,118,11,2,8,"01.04.2019 01:20"
155,560892,2142,2115,15,657,1474,11,1485,1,1484,18,8,2,1,1,47,1,0,27,1,168,1,0,0,322,1,7,0,1,54,0,2,2,51,1,15,1,0,0,2,388,1,2,105,0,0,225,10,3,16,2019-04-01T02:00:00
155,560892,2142,2115,15,657,1474,11,1485,0,1485,19,8,2,1,1,47,1,0,27,1,168,1,0,0,322,1,7,0,1,54,0,2,2,51,1,15,1,0,0,2,388,1,2,105,0,0,225,10,3,16,"04.04.2019 12:30"
156,560480,201,195,11,66,124,11,135,0,135,0,0,0,0,0,6,0,0,0,0,5,0,0,0,33,0,0,0,0,3,0,0,0,17,0,2,0,0,0,31,0,0,0,6,0,0,31,1,0,0,2019-03-31T21:45:00
156,560480,201,195,11,66,124,11,135,0,135,0,0,0,0,0,6,0,0,0,0,5,0,0,0,33,0,0,0,0,3,0,0,0,17,0,2,0,0,0,0,31,0,0,6,0,0,31,1,0,0,"31.03.2019 21:45"
156,560498,90,88,1,30,59,1,60,0,60,0,0,0,2,0,5,0,0,1,0,0,0,0,0,12,0,0,1,0,2,0,0,0,7,0,0,0,0,0,0,24,0,0,0,0,0,0,6,0,0,2019-04-01T00:50:00
156,560498,90,88,1,30,59,1,60,0,60,0,0,0,2,0,5,0,0,1,0,0,0,0,0,12,0,0,1,0,2,0,0,0,7,0,0,0,0,0,0,24,0,0,0,0,0,6,0,0,0,"01.04.2019 00:50"
158,590043,342,340,33,119,191,32,223,0,223,3,0,0,0,0,28,0,0,5,0,4,0,1,0,61,0,1,0,0,1,0,0,1,44,0,0,0,0,0,0,1,16,0,12,0,0,42,1,0,2,2019-03-31T23:15:00
158,590043,342,340,33,119,191,32,223,0,223,3,0,0,0,0,28,0,0,5,0,4,0,1,0,61,0,1,0,0,1,0,0,1,44,0,0,0,0,0,1,16,0,0,12,0,0,42,1,0,2,"31.03.2019 23:15"
158,590052,162,162,27,49,89,24,113,0,113,0,0,0,0,0,18,0,0,9,0,0,6,0,0,0,21,1,0,0,0,0,0,0,10,0,3,0,0,0,0,14,0,0,4,0,0,24,2,0,1,2019-04-01T00:50:00
158,590052,162,162,27,49,89,24,113,0,113,0,0,0,0,0,18,0,0,9,0,0,6,0,0,0,21,1,0,0,0,0,0,0,10,0,0,3,0,0,0,14,0,0,4,0,0,24,2,0,1,"01.04.2019 01:00"
162,590825,1599,1568,8,604,989,6,995,0,995,9,0,0,3,2,98,2,1,30,0,71,1,0,0,411,1,0,1,0,6,1,0,1,68,2,0,0,0,0,3,86,0,1,71,0,1,119,3,3,0,2019-04-01T00:55:00
162,590825,1599,1568,8,604,989,6,995,0,995,9,0,0,3,2,98,2,1,30,0,71,1,0,0,411,1,0,1,0,6,1,0,1,68,2,0,0,0,0,3,86,0,1,71,0,1,119,3,0,3,"01.04.2019 00:55"
164,610360,2262,2230,7,902,1355,5,1360,0,1359,15,0,6,3,2,14,1,0,3,1,220,0,2,0,177,0,1,0,0,145,5,1,1,59,1,6,0,1,0,1,307,0,1,109,0,2,254,10,2,8,2019-04-01T02:35:00
164,610360,2262,2230,7,902,1355,5,1360,0,1360,16,0,6,3,2,14,1,0,3,1,220,0,2,0,177,0,1,0,0,145,5,1,1,59,1,6,0,1,0,1,307,0,1,109,0,2,254,10,2,8,"01.04.2019 02:35"
166,610186,228,226,1,76,152,0,152,0,152,1,0,1,0,0,1,0,0,0,0,10,0,0,0,11,0,1,0,12,0,0,0,0,18,0,5,0,0,0,0,42,0,0,0,0,1,46,3,0,0,2019-03-31T22:00:00
166,610186,228,226,1,76,152,0,152,0,152,1,0,1,0,0,1,0,0,0,0,10,0,0,0,11,0,1,0,0,12,0,0,0,18,0,5,0,0,0,0,42,0,0,0,0,1,46,3,0,0,"03.04.2019 08:34"
166,610679,270,274,25,84,163,23,186,0,186,1,0,1,0,0,0,0,0,1,0,40,0,0,16,0,0,0,0,0,16,0,0,0,20,0,2,0,0,0,0,48,0,0,3,0,0,29,1,3,5,2019-04-01T00:10:00
166,610679,270,274,25,84,163,23,186,0,186,1,0,1,0,0,0,0,0,1,0,40,0,0,0,16,0,0,0,0,16,0,0,0,20,0,2,0,0,0,0,48,0,0,3,0,0,29,1,3,5,"03.04.2019 08:25"
170,631469,1989,1973,8,597,1386,6,1392,0,1392,11,3,2,1,4,401,0,1,129,0,41,1,0,0,478,4,0,0,0,7,0,0,1,15,1,0,0,0,0,1,134,0,0,50,0,0,104,3,0,0,2019-04-01T07:20:00
170,631469,1989,1973,8,595,1386,6,1394,0,1394,11,3,2,1,4,401,0,1,129,0,41,1,0,2,478,4,0,0,0,7,0,0,1,15,1,0,0,0,0,1,134,0,0,50,0,0,104,3,0,0,"02.04.2019 23:25"
176,630254,1761,1750,30,635,1106,20,1126,0,1126,18,4,1,2,3,357,2,0,83,2,24,0,1,3,410,0,0,0,0,5,1,0,1,21,1,1,0,0,0,1,74,0,1,45,0,0,62,0,1,1,2019-03-31T23:56:00
176,630254,1761,1750,30,635,1106,20,1126,0,1126,19,4,1,2,3,357,2,0,83,2,24,0,1,3,410,0,0,0,0,5,1,0,1,21,1,1,0,0,0,1,74,0,1,45,0,0,62,0,1,1,"01.04.2019 02:15"
177,630629,306,306,30,107,170,29,199,0,199,3,0,0,0,0,56,0,0,15,0,3,0,0,0,56,0,0,0,1,0,0,0,20,0,0,0,0,0,1,9,0,0,6,0,0,26,2,1,0,0,2019-04-01T00:00:00
177,630629,306,306,30,107,170,29,199,0,199,3,0,0,0,0,56,0,0,15,0,3,0,0,0,56,0,0,0,0,1,0,0,0,20,0,0,0,0,0,1,9,0,0,6,0,0,26,2,1,0,"01.04.2019 00:15"
177,630920,207,212,3,67,137,3,140,0,140,0,1,0,0,1,42,0,0,10,0,3,0,0,40,0,0,0,0,0,0,0,0,0,23,0,0,0,0,0,0,0,4,0,0,1,0,0,14,1,0,2019-04-01T00:18:00
177,630920,207,212,3,67,137,3,140,0,140,0,0,0,0,1,42,0,0,10,0,3,0,0,0,40,0,0,0,0,0,0,0,0,23,0,0,0,0,0,0,4,0,0,1,0,0,14,1,0,1,"01.04.2019 00:18"
177,630933,258,257,5,132,121,5,126,0,126,3,0,0,0,0,0,25,0,0,3,0,0,0,0,0,43,0,0,0,0,0,0,0,28,0,0,0,0,0,0,12,0,0,1,0,0,7,2,1,1,2019-04-01T00:03:00
177,630933,258,257,5,132,121,5,126,0,126,3,0,0,0,0,25,0,0,3,0,0,0,0,0,43,0,0,0,0,0,0,0,0,28,0,0,0,0,0,0,12,0,0,1,0,0,7,2,1,1,"01.04.2019 00:03"
177,630938,501,499,18,229,255,17,272,0,272,3,0,1,2,0,58,1,0,3,0,9,0,0,0,89,0,2,0,0,1,0,0,0,38,0,1,0,0,0,0,20,0,0,8,0,0,0,31,4,1,2019-04-01T01:25:00
177,630938,501,499,18,229,255,17,272,0,272,3,0,1,2,0,58,1,0,3,0,9,0,0,0,89,0,2,0,0,1,0,0,0,38,0,1,0,0,0,0,20,0,0,8,0,0,31,4,1,0,"01.04.2019 01:35"
177,630983,1107,1104,19,443,648,16,664,0,664,11,0,3,0,2,241,1,2,28,1,11,0,0,0,257,1,0,0,1,1,0,0,1,17,0,0,0,0,0,0,32,1,1,17,0,2,32,1,0,0,2019-04-01T01:25:00
177,630983,1107,1104,19,443,648,16,664,0,664,11,0,3,0,2,241,1,2,28,1,11,0,0,0,257,1,0,0,0,1,1,0,1,17,0,0,0,0,0,0,32,1,1,17,0,2,32,1,0,0,"01.04.2019 01:25"
179,630642,1794,1776,43,726,1037,31,1068,0,1068,4,0,0,2,5,414,0,0,92,0,17,2,0,0,355,2,0,0,0,0,0,0,0,39,1,0,1,0,1,0,52,0,0,17,0,0,59,2,0,3,2019-04-01T00:30:00
179,630642,1794,1776,43,726,1037,31,1068,0,1068,4,0,0,2,5,414,0,0,92,0,17,2,0,0,355,0,2,0,0,0,0,0,0,39,1,0,1,0,1,0,52,0,0,17,0,0,59,2,0,3,"01.04.2019 00:30"
180,630203,414,414,21,148,245,21,266,0,266,0,0,1,2,1,66,0,0,6,0,7,0,0,0,0,83,0,0,0,0,0,0,0,1,29,1,1,0,0,0,1,30,0,0,2,0,0,32,3,0,2019-04-01T00:30:00
180,630203,414,414,21,148,245,21,266,0,266,0,0,1,2,1,66,0,0,6,0,7,0,0,0,83,0,0,0,0,0,0,0,1,29,1,1,0,0,0,1,30,0,0,2,0,0,32,3,0,0,"01.04.2019 00:45"
180,630707,555,553,31,198,331,26,357,0,357,4,0,0,0,0,41,0,0,5,1,4,1,0,143,1,3,0,1,1,0,0,0,0,34,1,0,0,0,0,0,41,2,0,4,0,1,65,4,0,0,2019-04-01T00:25:00
180,630707,555,553,31,198,331,26,357,0,357,4,0,0,0,0,41,0,0,5,1,4,0,1,0,143,1,3,0,1,1,0,0,0,34,1,0,0,0,0,0,41,2,0,4,0,1,65,4,0,0,"01.04.2019 00:25"
181,630429,447,445,24,176,251,20,271,0,271,3,0,1,0,2,79,0,2,38,0,9,0,1,2,80,0,0,0,0,0,0,0,17,0,0,0,0,0,0,0,12,0,0,3,0,0,21,1,0,0,2019-04-01T00:35:00
181,630429,447,445,24,176,251,20,271,0,271,3,0,1,0,2,79,0,2,38,0,9,0,1,2,80,0,0,0,0,0,0,0,0,17,0,0,0,0,0,0,12,0,0,3,0,0,21,1,0,0,"01.04.2019 00:35"
181,630798,1668,1658,25,690,960,18,978,0,978,12,1,0,0,3,275,1,0,66,0,29,0,0,1,393,1,0,0,1,1,0,0,2,27,0,1,0,0,0,0,46,0,0,24,0,0,89,4,0,0,2019-03-31T23:50:00
181,630798,1668,1658,25,690,960,18,978,0,978,13,1,0,0,3,275,1,0,66,0,29,0,0,1,393,1,0,0,1,1,0,0,2,27,0,1,0,0,0,0,46,0,0,24,0,0,89,4,0,0,"01.04.2019 08:20"
184,650615,1341,1326,7,584,752,5,757,12,757,12,0,0,0,0,173,0,0,21,0,14,0,0,0,306,0,1,1,0,3,0,0,1,35,0,1,0,0,0,0,91,0,0,37,0,1,57,1,2,0,2019-03-31T23:50:00
184,650615,1341,1326,7,584,752,5,757,0,757,12,0,0,0,0,173,0,0,21,0,14,0,0,0,306,1,0,1,0,3,0,0,1,35,0,1,0,0,0,0,91,0,0,37,0,1,57,1,2,0,"31.03.2019 23:30"
185,650229,249,249,5,116,128,5,133,0,133,5,0,1,0,1,31,0,0,5,0,9,0,0,0,0,48,0,0,0,0,0,0,0,10,0,0,0,0,0,0,9,0,0,0,0,0,12,2,0,0,2019-03-31T22:20:00
185,650229,249,249,5,116,128,5,133,0,133,5,0,1,0,1,31,0,0,5,0,9,0,0,0,48,0,0,0,0,0,0,0,0,10,0,0,0,0,0,0,9,0,0,0,0,0,12,2,0,0,"31.03.2019 22:20"
186,650479,711,703,7,297,410,4,414,0,414,0,1,0,0,1,82,1,0,8,0,11,0,1,1,180,0,0,0,0,2,0,0,0,54,0,0,0,0,0,0,20,0,20,0,0,30,2,0,0,0,2019-04-01T00:55:00
186,650479,711,703,7,297,410,4,414,0,414,0,1,0,0,1,82,1,0,8,0,11,0,1,1,180,0,0,0,0,2,0,0,0,54,0,0,0,0,0,0,20,0,0,20,0,0,30,2,0,0,"01.04.2019 00:55"
188,680122,2166,2139,15,906,1252,8,1260,0,1260,21,6,0,3,1,58,1,0,18,0,134,0,1,1,331,0,1,2,1,26,0,0,3,100,1,8,0,0,1,1,164,1,2,120,0,1,231,16,1,6,2019-04-01T02:30:00
188,680122,2166,2139,15,906,1252,8,1260,0,1260,20,6,0,3,1,58,1,0,18,0,134,0,1,1,331,0,1,2,1,26,0,0,3,100,1,8,0,0,1,1,164,1,2,120,0,1,231,16,1,6,"01.04.2019 02:30"
188,680134,537,530,50,138,352,47,399,0,399,7,1,0,0,0,11,0,0,0,33,0,0,2,100,0,0,0,0,0,1,0,0,0,66,0,1,0,0,0,1,54,0,0,23,0,1,90,6,1,1,2019-03-31T23:51:00
188,680134,537,530,50,138,352,47,399,0,399,7,1,0,0,0,11,0,0,0,0,33,0,0,2,100,0,0,0,0,1,0,0,0,66,0,1,0,0,0,1,54,0,0,23,0,1,90,6,1,1,"01.04.2019 02:30"
188,681122,309,308,40,103,167,39,206,0,206,1,0,0,0,0,7,0,1,0,11,0,0,0,40,0,0,0,0,2,0,0,0,42,0,0,0,0,0,0,0,16,0,0,11,1,0,66,6,0,2,2019-04-01T00:55:00
188,681122,309,308,40,103,167,39,206,0,206,1,0,0,0,0,7,0,0,1,0,11,0,0,0,40,0,0,0,0,2,0,0,0,42,0,0,0,0,0,0,16,0,0,11,1,0,66,6,0,2,"01.04.2019 00:55"
189,680622,156,154,5,54,97,5,102,0,102,1,0,0,0,0,5,0,0,0,1,7,0,0,0,19,0,0,0,0,0,0,0,0,26,0,0,0,0,0,0,9,0,1,4,0,0,0,29,0,0,2019-04-01T00:20:00
189,680622,156,154,5,54,97,5,102,0,102,1,0,0,0,0,5,0,0,0,1,7,0,0,0,19,0,0,0,0,0,0,0,0,26,0,0,0,0,0,0,9,0,1,4,0,0,29,0,0,0,"01.04.2019 00:12"
190,680873,180,178,18,62,103,15,118,0,118,1,0,1,0,0,3,1,0,1,0,2,0,0,0,19,0,0,0,0,2,0,0,0,32,0,0,0,0,0,0,23,0,0,0,9,0,20,3,0,1,2019-04-01T05:20:00
190,680873,180,178,18,62,103,15,118,0,118,1,0,1,0,0,3,1,0,1,0,2,0,0,0,19,0,0,0,0,2,0,0,0,32,0,0,0,0,0,0,23,0,0,9,0,0,20,3,0,1,"01.04.2019 05:20"
190,681252,513,509,42,173,298,42,340,0,340,7,3,0,0,14,0,0,1,0,0,24,1,0,0,62,0,0,0,1,7,0,0,3,59,0,0,0,0,0,0,79,0,0,11,0,0,64,3,0,1,2019-04-01T00:21:00
190,681252,513,509,42,173,298,42,340,0,340,7,3,0,0,0,14,0,0,1,0,24,0,1,0,62,0,0,0,1,7,0,0,3,59,0,0,0,0,0,0,79,0,0,11,0,0,64,3,0,1,"01.04.2019 00:23"
191,680270,1434,1423,7,554,873,7,880,0,880,12,0,0,3,0,41,9,0,8,0,97,0,0,0,247,0,0,0,0,0,37,0,2,0,61,1,0,0,0,1,107,2,1,76,0,0,166,6,1,2,2019-04-01T01:35:00
191,680270,1434,1423,7,554,873,7,880,0,880,12,0,0,3,0,41,9,0,8,0,97,0,0,0,247,0,0,0,0,37,0,0,2,61,0,1,0,0,0,1,107,2,1,76,0,0,166,6,1,2,"03.04.2019 15:25"
192,680230,162,160,29,55,82,25,107,0,107,1,0,0,0,0,0,2,1,0,0,0,4,0,0,19,0,0,0,0,0,0,0,1,13,0,0,0,0,0,0,31,0,0,1,0,0,30,3,0,1,2019-04-01T00:35:00
192,680230,162,160,29,55,82,25,107,0,107,1,0,0,0,0,2,1,0,0,0,4,0,0,0,19,0,0,0,0,0,0,0,1,13,0,0,0,0,0,0,31,0,0,1,0,0,30,3,0,1,"01.04.2019 00:30"
192,680369,423,422,20,145,260,18,278,0,278,2,2,1,1,0,12,0,0,4,1,17,0,0,1,39,2,0,0,10,0,0,0,81,0,0,0,0,0,0,50,0,0,0,5,0,0,42,5,0,3,2019-04-01T00:30:00
192,680369,423,422,20,145,260,18,278,0,278,2,2,1,1,0,12,0,0,4,1,17,0,0,1,39,0,2,0,0,10,0,0,0,81,0,0,0,0,0,0,50,0,0,5,0,0,42,5,0,3,"01.04.2019 00:30"
192,680387,99,65,29,56,15,28,43,0,43,0,0,0,1,2,0,0,0,5,1,0,0,0,0,10,0,0,0,1,3,0,0,1,8,0,0,0,0,0,0,5,0,0,1,0,0,5,0,0,0,2019-04-01T00:05:00
192,680387,99,65,29,56,15,28,43,0,43,0,0,0,1,0,2,0,0,5,1,0,0,0,0,10,0,0,0,1,3,0,0,1,8,0,0,0,0,0,0,5,0,0,1,0,0,5,0,0,0,"01.04.2019 00:05"
192,681153,123,122,27,30,69,24,93,0,93,0,0,1,0,0,0,0,0,0,1,4,0,0,0,4,0,0,0,0,1,0,0,0,24,1,0,0,0,0,0,42,0,0,8,0,0,0,7,0,0,2019-04-01T02:50:00
192,681153,123,122,27,30,69,24,93,0,93,0,0,1,0,0,0,0,0,0,1,4,0,0,0,4,0,0,0,0,1,0,0,0,24,1,0,0,0,0,0,42,0,0,8,0,0,7,0,0,0,"01.04.2019 00:15"
192,681167,822,814,64,324,441,57,498,0,498,6,0,0,0,32,0,0,0,4,0,15,0,0,1,123,0,0,0,0,1,0,1,1,143,2,2,0,1,0,1,57,0,0,15,0,0,90,3,0,0,2019-04-01T03:00:00
192,681167,822,814,64,324,441,57,498,0,498,6,0,0,0,0,32,0,0,4,0,15,0,0,1,123,0,0,0,0,1,0,1,1,143,2,2,0,1,0,1,57,0,0,15,0,0,90,3,0,0,"01.04.2019 03:00"
199,710401,63,65,9,9,46,8,54,0,54,0,0,0,0,0,0,1,1,0,1,0,0,0,0,6,0,0,0,0,0,0,0,0,20,0,0,0,0,0,0,11,0,0,3,0,0,11,0,0,0,2019-04-01T02:50:00
199,710401,63,65,9,9,46,8,54,0,54,0,0,0,0,0,1,1,0,1,0,0,0,0,0,6,0,0,0,0,0,0,0,0,20,0,0,0,0,0,0,11,0,0,3,0,0,11,0,0,0,"01.04.2019 02:50"
202,730208,816,804,34,339,448,29,477,0,477,5,0,0,1,1,39,0,0,10,0,17,0,0,0,129,4,0,0,0,8,0,0,1,65,1,1,0,0,2,0,86,0,4,0,0,91,8,1,3,0,2019-04-01T00:30:00
202,730208,816,804,34,339,448,29,477,0,477,5,0,0,1,1,39,0,0,10,0,17,0,0,0,129,4,0,0,0,8,0,0,1,65,1,1,0,0,0,2,86,0,0,4,0,0,91,8,1,3,"01.04.2019 00:30"
203,000001,51,12,0,40,11,0,11,0,11,0,0,0,0,0,0,0,0,0,0,0,0,0,0,4,0,0,0,0,0,0,0,0,1,0,0,0,0,0,0,4,0,0,1,0,0,1,0,0,0,2019-04-01T02:46:00
203,000001,51,12,0,40,11,0,11,0,11,0,0,0,0,0,0,0,0,0,0,0,0,0,0,4,0,0,0,0,0,0,0,0,1,0,0,0,0,0,0,4,0,0,1,0,0,0,1,0,0,"01.04.2019 02:48"
206,740647,150,151,23,58,72,20,92,0,92,0,0,0,0,0,15,0,0,2,0,8,0,0,1,26,0,0,0,0,0,0,0,0,5,0,0,0,0,0,0,18,0,0,0,0,0,0,17,0,0,2019-04-01T00:36:00
206,740647,150,151,23,58,72,20,92,0,92,0,0,0,0,0,15,0,0,2,0,8,0,0,1,26,0,0,0,0,0,0,0,0,5,0,0,0,0,0,0,18,0,0,0,0,0,17,0,0,0,"02.04.2019 00:36"
206,740840,120,122,14,43,64,13,77,0,77,0,0,0,0,0,2,0,0,4,0,0,2,0,0,13,0,0,0,0,0,0,0,0,20,0,0,0,0,0,1,9,0,0,2,0,0,22,2,0,0,2019-04-01T02:50:00
206,740840,120,122,14,43,64,13,77,0,77,0,0,0,0,0,2,0,0,4,0,2,0,0,0,13,0,0,0,0,0,0,0,0,20,0,0,0,0,0,1,9,0,0,2,0,0,22,2,0,0,"01.04.2019 02:32"
206,740857,114,112,9,53,55,6,61,0,61,2,5,0,0,0,0,0,0,3,0,0,0,0,0,12,0,0,0,0,1,0,0,0,12,0,0,0,0,0,0,9,0,0,4,0,0,13,0,0,0,2019-03-31T23:21:00
206,740857,114,112,9,53,55,6,61,0,61,2,0,0,0,0,5,0,0,3,0,0,0,0,0,12,0,0,0,0,1,0,0,0,12,0,0,0,0,0,0,9,0,0,4,0,0,13,0,0,0,"31.03.2019 23:21"
207,740162,375,371,37,112,230,33,263,0,263,0,0,0,0,0,8,0,0,5,0,1,0,0,0,54,0,1,1,0,0,0,0,0,61,0,0,0,0,0,0,42,0,0,6,0,0,83,1,0,0,2019-03-31T21:30:00
207,740162,375,371,37,112,230,33,263,0,263,1,0,0,0,0,8,0,0,5,0,1,0,0,0,54,0,1,1,0,0,0,0,1,61,0,0,0,0,0,0,40,0,0,6,0,0,83,1,0,0,"31.03.2019 21:30"
207,740178,306,305,21,103,187,16,203,0,203,7,0,0,0,0,18,2,0,9,0,4,0,1,0,26,1,0,0,0,0,0,0,48,0,2,0,0,0,0,1,17,1,1,17,0,0,44,2,0,2,2019-04-01T00:25:00
207,740178,306,305,21,103,187,16,203,0,203,7,0,0,0,0,18,2,0,9,0,4,0,1,0,26,1,0,0,0,0,0,0,0,48,0,2,0,0,0,1,17,1,1,17,0,0,44,2,0,2,"01.04.2019 00:25"
210,740269,51,51,7,12,34,5,39,0,39,0,0,0,0,1,0,0,0,0,0,1,0,0,0,7,0,0,0,0,2,0,0,4,0,0,0,0,0,0,0,8,0,0,1,0,0,13,2,0,0,2019-04-01T01:15:00
210,740269,51,51,7,12,34,5,39,0,39,0,0,0,0,1,0,0,0,0,0,1,0,0,0,7,0,0,0,0,2,0,0,0,4,0,0,0,0,0,0,8,0,0,1,0,0,13,2,0,0,"01.04.2019 01:22"
210,740307,84,81,7,28,51,5,56,0,56,1,0,0,0,0,0,0,0,2,0,7,0,0,0,12,0,0,0,0,0,0,0,0,11,0,0,0,0,0,0,13,0,2,0,0,0,8,0,0,0,2019-04-01T09:55:00
210,740307,84,81,7,28,51,5,56,0,56,1,0,0,0,0,0,0,0,2,0,7,0,0,0,12,0,0,0,0,0,0,0,0,11,0,0,0,0,0,0,13,0,0,2,0,0,8,0,0,0,"01.04.2019 09:55"
210,740979,366,61,27,308,35,23,58,0,58,0,0,0,0,2,0,0,1,0,4,0,0,0,0,12,0,0,0,1,0,0,0,0,12,0,0,0,0,0,0,1,0,0,15,0,0,10,0,0,0,2019-04-01T00:05:00
210,740979,366,61,27,308,35,23,58,0,58,0,0,0,0,0,2,0,0,1,0,4,0,0,0,12,0,0,0,0,1,0,0,0,12,0,0,0,0,0,0,1,0,0,15,0,0,10,0,0,0,"01.04.2019 00:05"
214,800390,2322,1614,10,708,1604,10,1614,1,1613,10,8,4,7,0,105,0,0,30,1,169,2,1,0,400,3,2,2,0,21,0,2,0,23,2,2,0,0,0,1,422,0,1,174,0,0,212,2,1,6,2019-04-01T02:30:00
214,800390,2322,2336,10,708,1604,10,1614,0,1614,11,8,4,7,0,105,0,0,30,1,169,2,1,0,400,3,2,2,0,21,0,2,0,23,2,2,0,0,0,1,422,0,1,174,0,0,212,2,1,6,"04.04.2019 17:00"
214,800399,2154,2238,19,696,1440,18,1458,16,1442,0,9,5,1,0,102,1,0,32,0,133,1,3,0,406,0,1,0,0,23,0,0,2,24,0,6,0,0,0,1,372,1,3,149,0,0,157,3,0,7,2019-04-01T01:36:00
214,800399,2154,2238,19,696,1440,18,1458,0,1458,16,9,5,1,0,102,1,0,32,0,133,1,3,0,406,0,1,0,0,23,0,0,2,24,0,6,0,0,0,1,372,1,3,149,0,0,157,3,0,7,"01.04.2019 20:00"
216,800191,2484,2463,7,796,1684,4,1688,3,1688,16,4,5,2,1,95,0,0,32,1,132,1,2,0,507,1,3,2,0,24,1,0,2,32,1,7,1,1,0,3,419,0,2,146,0,1,224,11,0,9,2019-04-01T00:30:00
216,800191,2484,2463,7,796,1684,4,1688,0,1691,19,4,5,2,1,95,0,0,32,1,132,1,2,0,507,1,3,2,0,24,1,0,2,32,1,7,1,1,0,3,419,0,2,146,0,1,224,11,0,9,"02.04.2019 15:40"
218,800573,2310,2365,4,687,1622,1,1623,0,1623,21,10,3,4,1,79,2,0,33,0,136,0,0,1,534,2,1,0,0,23,6,0,0,27,0,6,1,0,1,2,406,0,2,150,0,2,158,1,1,0,2019-04-01T01:01:00
218,800573,2310,2365,4,687,1622,1,1623,0,1623,21,10,3,4,1,79,2,0,33,0,136,0,0,1,534,2,1,0,0,23,6,0,0,27,0,6,1,0,1,2,406,0,2,150,0,2,158,1,1,10,"01.04.2019 01:01"
219,800750,1680,1674,11,518,1156,6,1162,0,1162,15,2,2,5,2,72,0,1,27,0,85,0,1,0,341,2,1,1,0,19,0,0,0,31,0,4,0,0,0,0,238,1,0,124,1,1,173,6,0,5,2019-04-01T07:30:00
219,800750,1680,1674,11,518,1156,6,1162,0,1162,17,2,2,5,2,72,0,1,27,0,85,0,1,0,341,2,1,1,0,19,0,0,0,31,0,4,0,0,0,0,238,1,0,124,1,1,173,6,0,5,"02.04.2019 12:00"
223,801001,2190,2206,17,684,1497,9,1506,0,1506,7,4,1,5,2,105,0,0,46,0,151,1,1,0,291,0,1,0,0,26,0,0,1,14,2,4,0,1,0,2,489,0,1,130,0,2,207,2,1,0,2019-04-01T01:14:00
223,801001,2190,2206,17,684,1497,9,1506,0,1506,16,4,1,5,2,105,0,0,46,0,151,1,1,0,291,0,1,0,0,26,0,0,1,14,2,4,0,1,0,2,489,0,1,130,0,2,207,2,1,0,"03.04.2019 15:10"